commit,date,text,bss,dec
3a29792bd8156810c645e033666b5ae29e27824b,2023-08-30 11:04:32 +0100,91216,51496,142824
f8cddf257fd225cdf73d08e6ef4acd97a26c6dda,2023-08-29 16:18:35 +0100,90588,51200,141900
d21461ccdbe8b276ebb0b06ff31e52a970e3e7dc,2023-08-17 22:16:05 +0100,90572,50560,141244
13ea425b17cbae996125a83b8983dcfdd73117d4,2023-08-17 22:14:48 +0100,90572,50560,141244
29281cee4741e711bacc9b8fe450606123e38307,2023-08-17 18:17:27 +0100,95816,50560,146488
0979a5828c6d9df5da17c8495ce7997f2ee4a16b,2023-08-14 11:28:35 +0100,105632,50544,156288
e94714c0eda54756db10b616dd0428fab2db860f,2023-08-12 19:03:43 +0100,105632,50544,156288
1b2693b7a89cc08995d81a244882a2ce9b803afa,2023-08-12 15:28:01 +0100,107756,50560,158428
ebad53a7d5edf78f85ad89407bc01278109e9917,2023-08-11 17:48:09 +0100,107940,50560,158612
d0dbd05c2dcf1a7d230ab516413c57ae0cebaff0,2023-08-11 17:03:25 +0100,109704,50560,160376
a190e9c9ad3ff5cb37a3d1a8a0f614681e55bc34,2023-08-11 16:23:05 +0100,110488,50560,161160
92cc485b4ec1532247e6a026614a32fef7682718,2023-08-10 16:44:16 +0100,140524,50612,191248
67a14d5ab6d10e1da31b739c684e7f1f57c6bdde,2023-08-10 16:25:38 +0100,141064,50612,191788
c2402cc9c86c97d78d90f720a2b11d4c0f360b60,2023-08-10 14:37:56 +0100,141064,50612,191788
a8207f2551681fcb9ca1e35a02b67b9a4d5c063d,2023-08-05 22:45:48 +0100,140264,50612,190988
e511e29fe17f75a78e4ee702dea9e896400c1507,2023-08-02 09:41:32 +0100,140644,50612,191368
2a5f9a4a3949b6139695c5c14755c08ebadb6648,2023-08-01 19:50:44 +0100,140644,50612,191368
85754e1d34822edd31d9dc9ce87f44342dbdbb88,2023-07-31 21:46:50 +0100,140644,50612,191368
89f0385feedf93f8d415ec1119deb6412445c2c9,2023-07-31 21:45:31 +0100,140652,50612,191376
bfaed2ccd53fec212c807747b7e607b97c2fe3f6,2023-07-31 21:20:53 +0100,140960,50612,191684
1c50f56a377106cc2afc894bda8ee774e9122d94,2023-07-31 15:09:22 +0100,140960,50612,191684
6bc5ce98719df68c90eb994dce253ca705b70d3b,2023-07-31 12:47:00 +0100,140948,50612,191672
5fcdee23a96824edd56eb492841960beabe9ebb2,2023-07-30 22:34:27 +0100,140948,50612,191672
b47d71047de8f0aef62030c9cd288c33220f8dc3,2023-07-30 22:29:56 +0100,141236,50612,191960
3a469d6ac098c37db51e041eb0882ebb013ebcb6,2023-07-30 22:19:48 +0100,141236,50612,191960
